interview_date,pstr
82,5
10,5
48,5
86,7
8,3
49,5
95,6
25,15
47,16
90,7
11,5
43,4
82,3
68,2
19,7
62,3
88,8
7,9
47,2
90,1
55,5
81,2
53,3
96,3
9,2
82,2
6,8
48,8
84,11
5,5
45,8
85,6
3,5
54,3
92,3
17,5
81,2
58,7
8,4
43,7
85,4
48,8
87,4
3,4
53,2
96,2
41,3
87,4
11,1
88,8
4,3
12,10
9,3
52,3
52,8
92,6
6,5
81,10
54,4
98,7
102,11
13,5
47,5
91,4
31,11
91,7
6,8
45,6
82,7
90,4
8,7
47,11
91,8
13,2
50,2
88,3
3,12
52,14
85,12
17,5
47,3
105,3
86,5
90,7
13,7
53,2
88,6
16,9
17,2
53,2
53,2
84,1
58,6
12,1
13,9
53,6
82,5
52,5
13,4
53,4
87,6
9,7
61,9
61,9
84,6
25,3
87,2
12,6
49,11
4,4
45,7
86,4
1,4
42,6
82,4
52,6
86,4
6,1
41,12
94,10
7,7
52,7
95,8
8,1
42,6
4,3
45,6
81,3
7,4
48,7
86,3
51,2
45,7
85,4
7,6
47,4
83,5
41,7
85,4
14,4
52,7
87,6
86,7
7,11
51,6
87,6
11,6
102,7
87,4
11,4
44,2
83,3
31,5
44,3
7,6
52,2
82,5
2,6
45,7
6,6
41,5
82,9
8,5
52,3
82,3
3,1
14,5
46,6
102,5
55,8
16,4
44,5
90,5
6,3
42,2
92,0
10,2
46,2
54,3
85,4
7,4
1,9
45,12
83,13
47,8
88,9
7,8
44,8
84,6
1,1
7,4
50,5
82,8
53,5
81,3
13,4
58,5
20,5
55,5
86,4
54,3
41,5
13,6
11,7
53,12
7,9
7,2
42,0
82,0
10,5
48,8
87,6
49,4
87,7
17,8
62,5
10,5
45,5
82,4
55,4
81,5
3,6
87,7
11,5
41,8
41,5
12,9
45,10
85,4
1,11
8,1
43,8
84,1
40,2
47,8
5,5
129,8
59,9
10,0
55,10
98,8
8,8
45,9
86,8
10,7
56,5
81,7
18,7
53,7
89,7
19,2
65,3
99,2
4,2
46,3
85,7
8,3
47,2
87,3
11,3
48,3
91,3
7,2
47,8
82,4
12,7
47,3
87,2
45,5
8,1
85,1
45,11
82,11
2,8
41,4
81,4
88,5
9,4
59,6
45,2
33,5
52,1
13,4
16,5
54,8
43,6
11,4
10,8
46,7
82,5
8,5
50,6
110,7
7,8
4,9
41,3
83,2
11,6
47,4
88,4
7,4
44,3
83,4
8,10
45,9
84,11
2,9
81,5
7,5
83,4
41,4
81,3
8,10
52,12
81,9
10,5
94,6
19,10
47,8
85,8
52,4
95,8
14,4
54,3
82,2
8,13
44,12
85,7
48,4
83,4
18,2
45,0
86,3
3,12
41,2
81,1
53,4
12,5
54,8
87,10
52,5
11,9
52,6
94,7
6,2
55,6
98,8
2,7
46,6
85,7
52,6
85,3
7,8
44,3
84,10
95,10
5,3
45,5
86,2
160,4
45,10
90,12
83,4
4,6
52,7
10,7
43,10
84,10
7,7
48,4
83,6
7,7
48,6
83,6
6,3
41,4
81,5
5,13
53,5
8,5
50,5
93,5
44,7
47,3
97,0
60,10
94,7
42,5
85,4
8,10
45,8
82,5
48,6
83,8
86,8
65,6
11,0
66,8
91,7
5,3
52,3
95,4
54,9
7,5
45,4
81,4
10,5
3,8
44,7
82,6
14,4
41,6
86,8
5,10
53,5
84,4
62,9
48,6
96,3
8,4
45,4
82,3
6,8
8,2
86,2
8,14
7,10
52,5
85,5
43,1
12,11
61,7
19,5
9,8
47,5
94,5
7,8
43,3
86,5
54,8
81,6
3,10
22,5
88,9
6,10
41,8
83,5
54,4
82,1
19,11
46,10
91,9
11,7
49,8
84,8
13,6
90,6
12,6
44,6
83,6
10,4
81,4
10,5
54,5
88,8
14,1
84,1
7,8
42,5
86,3
10,0
45,8
7,2
56,6
12,3
51,3
7,4
43,7
87,8
47,2
87,1
18,1
63,3
82,2
16,11
45,9
92,8
2,3
48,2
94,5
55,5
85,4
13,2
54,5
3,7
58,5
88,7
11,8
11,3
69,4
82,5
8,9
46,10
83,8
3,5
52,9
44,4
86,2
45,7
59,1
87,2
63,13
9,6
58,6
3,1
46,0
89,0
24,6
45,4
94,6
8,9
43,7
82,6
101,2
5,5
43,10
17,8
76,2
82,4
63,9
47,1
90,1
17,6
45,4
90,3
7,8
42,2
81,5
89,6
46,6
89,2
83,2
54,8
96,3
9,7
47,8
15,2
57,1
27,8
44,6
91,6
2,8
45,5
91,5
15,3
47,0
87,1
13,4
9,4
45,5
82,5
9,4
83,4
12,6
41,6
87,6
50,3
10,5
64,4
14,6
90,3
9,8
50,6
81,4
27,3
41,5
87,5
42,8
84,8
58,3
95,4
54,5
100,2
11,9
67,11
85,8
2,5
46,10
81,3
12,7
54,6
85,6
42,5
32,11
47,13
90,8
55,8
13,3
52,1
98,2
52,8
86,6
10,6
49,6
87,8
7,6
44,3
87,3
13,2
43,2
84,3
13,5
50,5
107,5
10,7
55,7
7,3
46,3
87,2
7,1
43,3
82,3
72,3
101,4
9,6
41,8
81,13
4,6
83,3
49,8
82,1
21,4
85,5
7,4
47,5
10,5
7,4
44,5
83,4
41,1
82,1
5,2
41,0
81,4
64,0
87,4
41,4
97,6
12,2
46,4
88,4
82,3
4,8
54,2
82,4
2,14
46,10
86,7
13,8
54,10
107,4
7,11
91,8
12,5
52,8
98,6
13,3
47,4
88,3
12,6
85,3
5,3
86,6
9,8
47,9
94,6
13,1
45,13
88,8
94,7
11,8
2,12
52,6
87,5
15,7
3,7
49,5
90,6
45,5
87,5
4,9
44,8
104,7
6,8
10,6
53,7
82,8
8,8
51,8
86,7
6,6
44,2
81,2
7,7
52,6
88,12
7,11
47,10
85,7
46,5
90,6
9,6
47,8
85,8
3,3
42,6
81,5
81,7
18,0
85,0
19,7
47,6
28,4
50,8
93,2
6,15
47,9
4,6
42,3
81,4
22,11
43,10
89,7
7,1
45,0
87,0
11,1
44,7
84,3
66,9
84,9
13,5
88,5
7,1
13,8
16,3
54,8
12,2
47,3
87,5
13,2
54,3
5,6
41,5
85,8
6,2
45,1
2,9
45,6
83,6
5,8
90,9
53,9
4,4
41,3
81,4
11,2
41,3
7,7
68,1
11,6
5,6
46,2
13,8
53,10
92,6
42,7
47,3
19,6
6,5
42,7
84,6
12,9
46,6
81,8
82,1
2,8
43,10
82,10
4,7
41,2
82,4
13,4
9,6
48,3
84,8
8,2
45,6
83,6
6,8
101,8
4,6
43,8
81,6
46,7
53,6
91,7
11,4
46,2
96,5
56,2
8,5
46,7
88,6
73,8
86,9
8,2
84,3
12,6
41,5
81,5
7,9
70,10
91,6
6,4
82,5
4,5
56,8
91,10
53,9
7,6
43,8
86,9
8,5
43,8
2,3
103,5
3,5
42,3
94,2
52,2
3,9
48,5
112,7
41,4
84,4
7,4
43,6
82,6
9,3
46,1
83,6
85,2
54,4
10,4
53,3
97,4
15,13
86,0
91,7
91,5
124,3
90,3
45,3
85,6
19,12
13,6
58,7
83,6
48,5
92,8
7,8
47,8
82,8
1,14
46,13
84,10
3,8
119,6
10,0
52,8
85,3
2,8
46,5
90,2
8,0
56,8
85,8
4,9
41,10
81,9
8,2
43,2
93,4
7,3
42,2
86,4
3,11
41,4
90,8
12,3
42,1
16,3
75,2
86,0
3,5
44,8
82,6
81,6
3,9
54,5
85,9
6,9
45,8
1,4
42,5
82,5
10,11
90,9
46,3
94,8
84,5
8,5
52,13
86,12
41,4
81,2
6,11
2,8
8,4
46,5
90,3
3,4
41,5
83,8
16,8
52,2
83,6
88,7
46,6
85,3
17,5
57,8
98,7
8,5
58,2
94,8
43,4
45,3
83,1
5,8
85,1
21,11
52,9
91,5
9,4
83,5
8,3
13,3
45,2
88,2
11,8
7,4
45,4
81,5
8,3
52,1
85,0
10,8
19,6
48,9
85,8
4,9
42,2
94,7
14,2
45,2
47,6
83,7
47,7
12,6
61,10
90,5
12,2
49,2
93,1
2,6
81,6
47,9
85,6
21,7
7,7
52,2
81,4
13,8
7,5
43,4
82,5
6,7
41,7
90,7
7,4
45,0
85,0
53,11
24,2
95,3
5,9
13,2
52,1
45,5
83,4
13,6
59,5
60,4
54,8
16,5
15,7
82,3
47,6
83,5
12,5
44,6
86,2
47,8
82,6
7,4
7,11
43,9
3,7
8,3
10,4
53,2
7,2
82,2
43,12
15,10
47,8
89,8
8,5
43,5
82,5
8,1
45,2
98,5
16,5
47,4
8,1
46,1
82,3
6,4
46,6
91,4
19,5
3,4
41,1
91,8
88,10
10,5
78,3
91,9
47,6
82,5
10,9
41,8
48,5
86,5
8,1
47,0
83,0
52,5
86,4
21,7
47,0
82,0
11,4
52,2
22,6
18,6
11,10
52,4
87,5
8,7
84,4
8,5
45,3
85,8
4,4
46,6
81,3
12,7
47,6
82,7
83,7
20,4
82,5
5,4
41,8
81,4
26,5
54,2
92,5
8,6
52,5
81,5
11,7
52,7
82,5
54,7
94,3
41,3
91,3
83,5
31,6
47,7
82,2
81,8
17,0
82,2
11,4
91,3
7,3
90,6
8,3
45,4
88,6
9,9
9,3
41,4
81,2
2,5
64,5
90,2
52,7
85,6
6,3
54,2
82,4
12,10
55,7
4,3
41,2
84,3
20,5
63,12
103,2
11,5
11,0
11,5
53,3
85,5
45,2
8,2
52,4
88,2
7,9
42,7
54,2
54,8
47,8
81,7
44,7
82,5
21,5
3,2
17,7
54,5
90,7
94,7
45,12
94,4
66,8
3,8
46,7
81,8
7,7
58,4
94,3
7,6
46,6
81,8
11,4
52,4
86,4
14,9
47,7
91,12
42,8
85,4
48,7
82,7
58,4
12,8
43,5
94,7
12,4
42,4
81,6
9,13
48,11
161,6
13,12
86,7
10,8
54,7
94,6
6,6
42,4
85,2
10,4
41,0
85,0
9,2
41,12
81,10
7,5
18,4
12,6
43,7
85,3
9,2
52,1
86,4
11,6
53,6
86,2
47,4
84,2
6,3
45,6
81,4
5,4
46,5
88,4
6,10
83,3
47,0
41,8
3,9
43,7
81,9
59,6
2,11
53,8
45,3
87,3
25,8
13,12
46,8
66,3
96,2
11,12
41,12
6,2
46,6
83,5
8,8
13,6
53,5
4,6
41,5
84,2
45,3
55,4
91,3
11,2
53,2
41,2
82,1
16,8
81,5
3,5
49,2
95,4
61,3
89,4
70,3
11,7
94,6
12,10
86,8
10,0
45,0
28,5
45,5
85,4
12,1
82,0
6,3
45,16
87,11
45,6
81,5
55,8
153,7
153,7
153,7
7,9
45,9
84,9
15,5
47,5
85,8
7,6
91,8
12,2
100,3
66,7
83,2
2,7
58,5
90,8
10,8
42,6
82,2
19,3
43,3
85,4
58,9
54,0
54,0
85,0
10,7
8,7
8,10
62,5
91,5
46,10
4,2
45,4
90,4
8,2
68,3
162,2
91,8
82,9
13,4
57,3
83,3
84,7
45,7
5,6
50,5
82,3
43,8
92,10
46,8
2,5
58,9
86,8
11,8
46,4
84,4
7,3
73,5
9,1
58,0
11,9
44,8
88,8
9,7
43,8
94,8
15,4
45,6
85,6
43,3
43,1
9,4
51,7
87,5
10,4
53,7
82,8
67,5
89,5
9,3
43,4
85,1
19,3
53,1
116,2
7,7
48,5
86,5
14,6
58,6
2,5
50,6
47,5
94,8
85,3
13,4
54,3
89,4
46,4
8,3
8,5
45,3
81,0
8,0
49,0
85,4
10,1
47,6
91,0
10,2
45,1
81,2
4,14
88,6
6,9
42,8
85,7
8,3
8,8
54,2
94,6
8,2
45,7
82,3
55,4
20,11
109,9
3,1
55,2
81,1
4,4
45,2
13,6
92,7
8,4
81,6
17,8
84,7
82,2
48,4
45,3
85,4
7,3
41,2
83,5
7,2
53,5
45,2
177,8
16,10
47,11
90,9
11,10
41,5
3,7
42,5
65,12
81,11
11,6
45,2
87,7
3,7
45,5
82,0
20,13
49,11
84,12
18,4
53,4
15,3
52,6
10,2
47,1
92,2
47,8
85,8
18,5
44,4
104,8
55,7
81,5
4,4
52,4
90,2
11,2
48,3
88,3
53,0
87,2
8,4
7,3
54,2
90,0
2,5
45,4
26,1
46,1
89,1
6,0
43,1
85,2
41,9
2,5
42,5
81,7
2,6
52,3
82,3
18,4
54,3
84,2
20,6
70,3
102,2
3,5
87,10
53,7
88,5
17,2
7,3
46,5
90,5
61,6
7,6
86,7
10,5
95,8
46,6
82,5
3,8
48,8
81,8
11,6
53,1
82,0
48,5
7,9
48,5
6,8
54,0
13,3
47,6
91,8
146,4
5,2
42,3
81,3
12,5
52,6
48,2
92,4
9,5
86,4
86,4
2,2
84,2
6,6
45,5
84,5
43,6
83,5
58,6
90,7
5,6
94,3
13,6
59,4
83,4
15,2
52,3
81,4
4,4
87,4
7,2
81,8
7,4
44,0
82,0
8,7
46,8
85,5
13,8
48,4
90,3
14,12
41,5
90,6
47,4
94,7
18,8
81,5
41,7
45,6
43,13
62,3
90,3
8,4
45,10
85,6
10,4
45,5
44,4
82,5
14,8
93,8
20,3
41,1
82,5
1,4
45,4
8,3
46,3
83,4
52,7
94,7
13,7
67,6
3,7
54,6
81,6
3,5
45,8
85,5
7,4
59,4
82,2
13,6
54,4
13,7
96,2
60,8
90,7
18,4
41,2
82,0
87,9
58,1
94,1
16,9
49,8
20,5
45,6
81,4
94,0
8,7
44,7
88,4
7,7
54,1
95,4
8,8
52,9
90,7
86,9
15,0
47,0
86,0
46,4
18,5
48,5
86,6
103,4
47,6
85,4
42,11
81,11
105,4
14,2
47,3
105,3
12,8
47,5
91,6
3,10
94,8
11,5
61,3
95,5
45,3
82,2
10,6
52,9
82,8
3,10
41,9
81,11
11,9
45,6
85,8
7,8
54,4
85,2
48,3
82,3
13,6
41,5
81,2
15,9
84,8
60,6
14,8
54,8
6,5
17,2
82,2
11,9
47,12
8,4
43,7
82,1
81,3
15,9
7,9
45,6
94,6
7,3
102,6
13,5
67,4
7,4
45,3
83,4
21,2
53,4
85,2
7,3
87,5
7,9
44,9
82,7
12,6
47,7
83,4
59,6
91,4
7,5
47,6
90,4
7,3
46,5
83,4
1,2
85,2
43,10
90,8
10,8
17,4
53,4
45,4
7,8
59,5
43,2
91,8
7,1
43,0
82,8
7,1
46,2
81,2
48,5
7,3
41,2
85,4
13,6
9,8
42,7
83,5
93,7
45,2
96,5
17,6
52,8
96,5
13,6
47,1
8,7
54,7
90,6
11,0
56,0
54,6
54,4
136,3
30,1
54,8
81,0
8,5
82,4
95,6
59,4
94,8
11,1
85,1
116,1
7,4
90,4
82,5
53,6
82,5
9,14
41,13
81,10
82,3
6,9
41,16
82,10
25,5
54,8
67,7
7,1
41,5
81,3
10,5
44,3
82,4
42,8
81,10
51,2
146,1
16,3
51,2
179,10
19,4
58,4
93,5
7,5
43,4
84,6
38,9
52,8
87,8
87,4
52,10
103,10
82,5
9,5
47,7
94,3
13,8
45,6
84,7
7,1
82,8
6,5
45,0
83,8
20,6
47,2
16,6
9,0
46,0
85,2
62,6
157,3
44,7
81,7
6,11
45,10
84,3
41,4
91,1
24,4
45,0
54,3
11,8
46,7
83,7
45,10
90,4
9,6
7,0
47,9
87,7
22,8
48,8
8,10
46,8
85,8
12,2
46,1
86,2
7,4
7,8
47,11
94,6
9,4
11,4
55,8
55,5
85,4
13,4
52,3
82,2
29,4
8,0
43,1
87,5
18,8
61,9
85,7
47,9
82,11
16,8
44,6
85,6
52,3
89,3
11,10
18,6
53,6
52,9
46,9
52,3
46,7
87,12
44,8
94,6
12,0
47,1
96,2
18,4
46,3
12,8
9,7
82,5
9,8
45,5
82,5
52,5
89,7
54,5
12,4
44,8
19,2
58,3
16,6
45,4
57,3
87,4
8,2
8,7
42,6
84,7
7,2
90,2
43,4
84,4
8,6
45,6
85,4
81,4
21,5
46,2
47,5
73,7
8,6
46,5
81,5
3,5
41,3
81,3
14,2
41,0
82,2
14,8
57,3
41,10
86,7
94,3
11,7
45,7
83,5
16,8
90,7
10,6
53,7
115,5
6,7
53,9
90,8
11,5
12,2
51,2
83,0
4,10
94,7
26,7
18,6
47,4
87,6
2,8
43,5
85,4
11,8
41,10
82,9
10,7
52,4
83,6
16,3
92,3
45,4
87,4
7,3
46,5
86,5
5,6
45,5
87,4
9,9
45,12
93,8
14,2
44,0
99,0
56,5
6,15
44,15
91,9
90,3
9,6
50,4
90,6
48,6
95,6
76,5
8,1
45,3
92,1
8,8
52,6
81,9
8,10
8,7
46,8
89,6
15,6
86,5
6,4
46,3
90,1
56,3
81,4
12,6
62,6
90,8
33,0
67,2
45,6
14,6
59,5
85,4
2,11
89,7
8,7
48,6
81,3
33,2
106,2
8,1
43,4
82,5
82,10
13,1
43,1
15,9
58,12
113,3
53,8
8,5
60,5
83,1
16,6
46,6
86,5
7,2
52,1
14,7
62,4
43,6
85,7
11,8
10,4
53,5
7,10
53,6
82,6
13,5
47,6
95,4
7,7
45,9
85,12
14,7
61,4
12,3
66,5
90,8
7,7
83,5
92,5
10,8
82,8
22,8
90,7
91,6
91,6
14,3
60,5
9,6
46,1
81,3
85,6
9,3
6,1
83,2
12,5
45,4
93,4
7,3
44,1
87,4
9,13
96,9
59,3
85,4
52,6
90,8
6,7
54,8
7,2
46,1
84,6
59,7
52,3
87,3
81,6
51,6
82,5
11,5
48,5
90,7
13,3
56,5
52,9
7,6
47,9
90,10
26,9
58,4
81,5
2,11
57,8
83,8
13,4
49,10
88,10
17,2
82,0
75,8
17,2
90,2
8,5
50,4
85,3
58,7
82,3
13,2
53,8
96,5
62,3
86,8
11,2
44,8
91,8
45,4
29,10
55,6
89,9
11,4
50,3
112,4
7,2
54,0
90,2
6,10
43,3
82,3
8,11
81,12
46,7
24,1
91,0
7,5
47,7
86,5
12,12
109,3
9,8
44,4
95,1
14,5
45,4
103,3
3,4
41,3
84,3
45,5
81,5
45,7
13,5
52,5
87,0
7,7
53,6
87,4
6,8
105,5
86,11
61,0
87,10
9,4
53,0
12,9
85,8
7,5
43,10
82,7
11,6
41,4
81,6
34,4
62,8
43,6
20,6
90,3
6,3
50,4
94,2
24,6
83,5
86,1
52,9
26,4
47,5
89,9
91,6
45,3
52,5
83,3
19,3
53,2
84,2
12,2
45,2
90,1
11,5
60,8
83,5
94,7
3,3
53,1
101,2
6,5
42,4
81,8
43,2
21,5
56,6
90,11
2,4
44,7
84,7
3,8
9,5
7,5
47,3
13,5
42,5
81,2
82,4
6,2
46,6
81,5
46,2
85,1
12,9
54,10
8,5
44,4
81,0
82,4
45,5
90,3
12,6
12,10
43,6
86,6
48,2
82,3
87,11
7,2
45,5
81,7
19,6
12,6
53,8
48,2
90,4
7,1
52,1
94,0
7,5
53,5
85,6
17,6
13,2
46,5
85,5
19,3
85,5
13,10
45,11
94,11
4,5
45,4
85,3
27,5
9,6
33,4
69,5
81,6
43,4
1,6
41,5
85,8
49,4
100,6
13,8
41,8
85,8
7,5
54,4
84,7
14,9
11,10
43,0
83,1
45,5
13,8
26,1
55,3
84,2
18,2
45,4
88,3
18,8
47,3
91,8
11,3
43,4
83,5
9,7
73,3
93,8
11,6
41,3
81,4
54,6
3,3
42,2
82,2
7,5
52,1
96,6
14,4
11,0
7,8
43,6
85,6
9,8
7,5
47,1
83,3
7,7
20,5
48,5
84,6
8,0
43,1
82,1
19,10
44,6
13,7
48,8
87,7
13,7
53,5
95,5
7,9
48,4
87,9
45,6
90,6
17,2
46,5
81,8
54,8
81,7
16,7
54,9
86,8
7,9
41,9
94,10
7,6
46,6
88,5
52,7
83,3
14,1
49,2
89,0
5,8
47,6
90,5
18,6
55,6
94,7
11,6
85,5
26,5
85,4
6,9
81,7
7,9
44,9
98,10
7,3
52,5
91,5
40,4
47,3
8,5
41,4
52,8
10,6
47,5
81,8
6,3
53,4
88,4
19,5
45,7
85,8
7,8
44,8
90,13
8,5
44,6
83,5
13,3
67,7
6,5
45,1
81,1
45,10
81,8
10,2
45,5
94,4
7,4
47,11
82,7
14,7
9,4
72,5
82,8
4,3
41,3
85,5
46,7
5,8
41,7
81,10
86,7
20,2
44,4
7,2
43,1
82,1
22,4
6,6
63,7
85,8
13,7
53,4
4,3
46,3
87,4
13,7
12,7
56,12
86,4
12,8
52,6
34,11
43,9
86,8
91,6
13,5
46,5
96,1
51,12
5,3
52,4
83,4
10,8
54,8
85,8
86,7
11,6
10,5
43,6
83,5
48,5
93,7
100,3
9,5
52,6
82,4
17,1
53,0
82,1
6,1
41,0
90,0
12,8
48,5
94,2
2,6
42,9
87,2
7,5
46,8
89,8
83,3
10,7
53,5
29,7
45,1
81,1
61,7
54,4
7,0
47,1
85,1
38,2
46,4
7,3
17,3
46,7
83,9
13,8
44,2
92,1
7,6
43,7
93,6
62,5
27,8
56,4
97,1
53,2
90,2
82,5
47,5
90,7
7,9
48,8
85,8
17,6
46,8
84,4
12,4
52,4
87,5
13,8
44,11
83,6
9,4
64,3
86,5
13,6
2,3
46,1
85,1
54,5
39,2
94,5
85,9
52,2
52,6
8,8
45,6
85,5
10,9
46,3
85,4
86,6
42,3
91,9
70,16
91,9
9,7
48,4
36,5
56,4
122,3
16,0
43,1
82,2
3,6
47,3
85,3
7,6
44,3
82,5
6,8
45,4
93,9
44,4
8,9
70,6
93,5
53,8
11,8
52,9
86,6
81,0
58,6
14,10
14,1
43,1
19,3
46,3
94,3
27,6
48,7
86,12
54,10
95,7
47,5
90,6
45,6
83,6
41,3
41,0
85,5
9,9
45,9
85,9
8,8
48,4
93,1
6,3
72,7
2,10
41,12
85,7
7,9
45,8
81,7
11,7
5,12
13,7
52,4
7,3
46,5
5,6
45,4
87,4
46,7
81,8
52,11
89,10
56,8
46,2
18,4
43,2
85,6
49,7
49,8
12,5
51,3
88,4
43,6
9,6
18,5
86,7
9,4
42,6
10,6
90,7
9,5
52,0
16,6
45,5
90,3
44,6
83,6
2,5
43,4
82,6
44,6
81,5
6,3
45,5
82,6
5,4
4,5
52,6
5,15
90,15
45,14
82,9
10,6
8,8
54,7
87,6
14,6
85,6
7,5
52,6
81,6
7,1
46,1
82,1
9,1
52,3
9,4
54,1
7,14
90,10
46,7
51,6
3,7
48,5
85,7
6,8
53,8
83,4
8,4
44,5
83,2
58,7
42,8
91,11
7,4
44,4
82,4
16,8
45,5
86,5
48,9
83,12
13,8
53,9
99,4
6,14
45,2
6,4
52,3
90,3
14,5
82,7
53,6
23,6
98,4
13,5
41,2
81,8
7,6
85,6
13,1
14,6
45,6
81,5
10,5
58,11
24,2
88,5
6,4
61,5
9,6
7,2
44,1
83,3
7,0
45,2
52,11
9,5
42,2
94,5
7,5
42,3
90,2
7,2
101,2
7,5
44,7
82,5
59,5
85,6
12,5
41,11
81,2
10,4
48,1
87,1
13,7
47,5
90,7
44,3
68,8
12,7
45,6
103,7
9,6
47,3
90,3
48,7
85,6
17,7
52,7
91,7
42,2
54,5
87,7
25,4
6,5
43,6
81,2
81,8
7,7
42,3
83,4
16,6
43,5
83,9
8,14
46,8
45,6
7,5
42,7
81,5
11,7
52,6
93,3
12,4
54,5
94,0
24,5
53,3
94,6
6,1
55,2
20,8
15,7
43,6
81,2
56,8
9,8
45,7
82,8
12,7
53,8
87,5
97,1
53,13
47,3
85,5
53,6
18,2
41,3
81,3
45,7
103,6
20,3
82,4
84,2
8,4
41,0
81,0
2,6
81,5
27,2
52,4
6,5
45,4
91,3
58,7
94,5
12,5
3,10
46,8
88,9
48,6
83,8
13,4
43,6
83,5
10,7
43,3
88,4
87,5
19,9
54,8
83,5
33,6
63,4
56,8
8,3
44,7
85,2
7,7
41,7
81,6
9,6
47,13
86,11
19,8
47,6
83,8
17,8
46,8
45,10
7,2
43,6
83,2
13,4
45,6
92,4
8,3
43,6
84,0
14,5
46,6
82,4
52,2
87,7
54,9
46,3
43,8
6,3
55,4
21,3
54,4
6,6
46,4
81,6
8,9
45,6
44,8
9,5
91,5
21,8
16,4
8,7
46,8
95,6
4,8
45,7
83,8
7,6
85,5
1,4
45,6
81,0
27,4
41,3
87,6
4,7
41,5
81,5
31,1
95,4
58,9
8,2
45,3
88,2
13,4
49,4
93,4
45,4
85,1
8,2
41,4
85,4
20,6
49,5
92,5
71,8
71,8
1,7
41,8
81,9
8,3
90,2
3,1
49,4
86,1
8,8
45,7
90,7
2,8
41,0
81,2
104,6
7,7
52,5
85,7
55,11
8,5
81,3
7,6
41,3
81,5
17,8
42,4
6,4
41,8
81,7
14,7
54,9
98,8
7,4
41,7
108,6
12,8
44,7
81,11
7,2
47,5
84,1
46,4
94,4
41,6
87,6
12,9
52,6
91,6
18,4
43,4
86,3
16,7
67,4
85,4
12,5
43,4
83,2
9,7
49,6
85,4
46,2
48,6
45,8
87,4
8,2
7,6
52,4
82,6
7,7
82,6
1,8
45,6
41,11
3,9
46,11
81,12
91,2
7,5
7,4
53,2
90,2
10,4
43,1
82,1
8,2
47,4
84,3
7,10
13,1
46,1
83,0
11,9
47,4
88,5
11,6
45,6
82,7
45,5
90,8
4,3
41,2
105,3
7,8
7,3
43,3
83,3
7,8
5,6
8,7
42,2
90,9
9,8
43,5
83,2
17,10
48,5
6,2
53,8
86,3
76,5
11,6
45,8
86,8
8,12
45,9
90,8
47,7
82,7
10,7
52,5
90,7
7,7
48,7
7,2
45,1
85,1
6,13
7,3
44,2
82,5
3,4
53,5
82,0
7,6
42,3
85,4
4,1
45,2
83,4
9,10
94,8
87,3
13,5
89,2
15,7
2,5
45,4
85,6
12,8
85,6
44,8
86,5
18,4
82,5
54,3
13,4
42,7
96,5
11,4
10,3
47,4
47,0
81,8
12,1
52,1
94,0
4,3
52,5
95,7
47,8
3,9
12,3
44,3
144,6
74,6
3,7
86,15
21,4
41,3
89,4
3,0
41,8
81,7
44,5
5,3
57,8
52,8
3,7
45,6
81,6
7,5
7,5
46,3
85,3
10,1
52,2
97,4
53,3
87,5
12,7
54,4
82,2
64,4
97,6
52,5
14,6
45,7
85,6
56,5
85,2
54,2
18,5
46,4
96,6
7,1
58,8
89,5
2,8
41,7
81,3
45,0
20,8
48,8
12,4
41,2
3,0
8,3
47,1
83,2
53,0
26,4
12,8
45,9
82,13
8,9
43,8
86,7
7,3
49,2
87,4
7,1
45,2
91,7
12,6
52,6
94,6
9,3
46,12
85,4
2,6
41,5
81,3
52,4
15,6
45,0
85,3
16,8
53,6
82,5
11,6
41,4
85,6
43,4
86,4
10,6
67,5
113,7
6,8
51,8
81,5
46,6
81,4
9,6
86,8
6,4
61,8
82,8
13,5
58,7
97,8
7,11
7,2
43,3
81,6
12,2
52,1
84,2
2,4
46,0
83,0
59,8
3,2
45,3
86,1
89,5
43,4
47,6
85,7
52,7
94,4
21,5
51,5
83,5
4,4
47,6
85,6
67,7
11,2
44,5
94,8
26,7
45,6
11,2
19,3
90,6
7,6
9,4
42,8
81,6
14,5
57,6
94,4
7,4
45,6
111,0
94,0
90,6
10,3
54,4
87,5
6,3
46,3
84,2
7,7
47,7
47,4
90,1
9,2
53,4
81,2
2,7
41,5
85,6
15,4
48,9
85,2
18,4
59,7
90,8
13,2
90,2
47,4
7,8
51,1
107,7
102,10
106,8
5,2
46,2
88,2
8,9
58,8
107,9
63,2
90,3
7,8
41,4
82,2
11,7
55,8
13,4
51,3
19,8
47,2
17,12
99,8
11,6
15,10
47,12
86,7
13,3
44,4
82,2
59,5
50,4
7,9
45,10
13,0
41,4
82,8
7,7
53,5
82,4
15,6
8,6
45,1
94,2
2,7
46,7
86,9
7,6
48,5
85,5
45,3
94,0
9,7
46,3
82,8
83,1
7,7
47,2
90,0
46,7
91,7
9,8
47,6
86,9
43,7
85,6
15,7
47,6
88,2
7,3
53,3
93,4
3,5
42,5
82,3
7,4
47,2
85,1
94,6
82,6
13,9
46,6
88,8
13,2
53,4
93,5
96,2
2,2
41,1
13,9
20,10
46,12
86,10
7,6
52,2
95,0
54,9
87,4
14,9
41,10
84,11
52,5
91,4
46,6
46,5
126,5
9,4
47,4
89,4
7,2
45,4
87,0
84,8
20,7
52,9
55,7
46,4
94,0
54,4
9,1
44,5
85,3
41,4
18,5
46,3
102,2
94,6
43,4
86,8
43,7
21,5
43,7
13,1
93,0
2,8
41,8
82,7
9,1
51,2
92,1
7,2
7,8
53,11
90,10
8,6
43,9
91,7
30,6
46,5
95,4
3,3
42,2
81,5
3,8
43,5
85,2
4,5
47,4
87,4
16,7
28,6
54,4
7,6
43,3
83,4
53,8
88,8
22,5
7,12
94,7
11,10
11,5
7,8
47,8
83,6
3,7
45,7
83,4
62,5
95,4
12,3
53,2
89,4
28,7
96,5
87,8
18,5
47,4
87,7
3,9
43,4
82,7
7,6
46,5
84,7
7,9
82,9
13,7
45,7
88,9
40,2
7,9
47,4
21,8
81,8
81,7
12,8
1,1
41,1
81,1
7,4
43,2
84,3
11,3
47,2
86,3
14,6
57,3
84,3
48,4
82,6
13,1
83,1
7,7
47,9
82,7
8,9
46,6
97,4
3,9
81,5
11,10
69,5
82,12
11,1
53,3
84,6
52,5
143,2
7,2
44,0
82,1
8,16
43,3
82,5
14,1
67,3
46,10
17,9
51,13
8,8
51,8
91,7
7,10
53,9
86,6
53,4
7,4
45,7
85,3
16,3
42,1
12,2
43,2
7,3
59,2
94,6
2,8
41,8
52,10
94,10
85,8
82,6
9,6
60,11
94,10
50,3
90,0
9,6
91,9
104,12
94,5
2,7
50,9
84,7
13,4
48,4
85,6
99,1
8,8
2,3
41,4
82,5
8,11
62,11
90,8
7,6
53,5
41,2
82,6
7,4
94,4
86,12
15,3
54,1
82,2
9,6
23,3
46,5
84,5
4,4
41,1
83,4
8,4
54,2
143,8
8,4
46,2
89,0
8,8
49,8
86,8
9,2
44,6
88,2
16,2
8,10
46,11
85,11
20,15
47,12
34,4
48,5
105,6
8,6
67,4
100,8
17,12
81,5
11,4
42,1
82,4
17,7
59,4
93,5
13,2
52,1
87,5
8,8
45,5
84,1
7,7
48,9
86,8
16,5
53,6
90,4
18,4
54,6
82,7
54,9
90,7
46,5
83,4
2,2
48,4
95,4
87,5
5,5
7,7
47,4
87,5
54,6
11,6
52,6
3,5
52,4
88,3
18,2
29,4
54,6
85,7
8,6
47,9
82,4
47,7
2,10
45,9
87,6
13,3
60,1
93,1
110,16
5,9
46,7
90,8
41,4
3,8
42,5
81,4
12,9
81,5
7,4
45,4
85,4
16,4
61,3
16,10
41,6
90,7
8,6
59,3
82,2
86,0
6,2
45,4
9,6
50,5
94,5
8,4
48,8
94,6
86,5
12,4
53,4
96,3
5,3
53,4
96,4
91,8
94,4
10,8
100,5
7,5
45,11
86,8
32,8
43,4
83,7
12,2
52,2
81,2
154,9
9,10
42,8
85,8
13,4
85,2
54,5
49,7
87,3
14,6
52,5
82,7
3,5
52,4
81,0
17,5
47,1
82,3
13,2
52,5
91,8
14,2
52,3
94,3
9,2
50,2
90,2
18,2
7,3
48,3
12,3
45,2
85,2
13,12
9,3
46,8
89,5
45,6
50,5
89,6
115,4
4,5
41,9
86,6
10,3
58,6
94,5
12,3
43,3
93,1
9,9
46,4
86,3
8,7
55,1
12,7
41,4
81,7
4,5
41,5
82,3
2,4
52,6
13,6
54,7
83,3
90,7
46,7
4,3
82,10
86,10
7,3
52,5
82,6
13,3
53,2
88,1
47,3
85,4
13,5
99,4
13,3
48,4
89,8
2,6
88,4
82,7
13,5
54,8
86,7
85,6
8,5
45,7
7,6
47,3
17,1
58,3
100,1
6,3
41,2
81,4
91,0
86,4
62,5
90,7
89,3
8,5
53,3
95,2
43,9
13,6
82,5
8,4
45,5
81,5
24,4
44,6
93,6
3,2
52,4
81,2
7,7
44,6
82,6
87,5
9,2
46,3
95,2
45,3
15,4
86,5
42,4
88,7
88,8
86,5
12,6
46,3
85,2
58,8
6,8
41,6
91,3
7,4
59,4
89,6
58,6
83,6
7,2
53,3
81,6
7,4
82,6
3,13
46,6
85,7
14,10
42,8
81,7
48,8
81,7
15,6
41,5
85,8
82,4
52,4
93,4
7,3
42,3
84,3
5,6
42,8
81,7
58,9
17,8
55,1
17,8
58,6
7,6
44,5
84,3
10,4
45,2
85,4
8,2
41,1
90,1
10,1
52,3
85,2
12,8
42,2
84,7
7,5
56,6
6,5
46,3
11,7
47,9
86,8
12,13
48,4
83,7
9,2
43,2
82,6
19,8
53,3
83,2
47,4
89,1
58,1
90,8
13,8
67,8
87,8
3,8
12,6
43,1
85,2
2,9
41,5
81,9
9,1
47,5
82,5
10,3
45,5
13,4
52,3
86,4
8,6
45,6
24,2
43,3
82,3
8,0
46,0
85,0
7,6
94,7
12,6
45,3
87,4
15,4
44,4
87,10
5,1
52,1
13,2
87,1
47,0
85,0
11,12
53,9
21,5
45,9
91,6
45,4
85,7
4,4
43,3
84,3
13,3
53,6
86,5
6,15
44,12
7,4
54,1
47,2
84,1
54,5
6,3
44,4
85,5
64,4
15,1
45,7
89,4
2,5
41,7
82,11
56,8
6,8
46,7
94,7
12,6
7,6
45,5
86,5
6,5
8,5
42,8
82,4
7,6
51,2
82,4
12,8
52,6
84,7
12,6
46,5
84,2
12,2
52,5
81,4
7,9
41,4
85,4
5,5
45,0
81,0
58,8
62,4
89,5
30,8
48,3
82,8
5,8
42,8
82,8
10,4
49,6
